Do kterého amerického fotbalového týmu odešel na závěr kariéry Pelé?;New York Cosmos;LA Galaxy;Los Angeles Aztecs;Dallas Tornado
Do kterého týmu přestoupil ze Sparty Petr Čech?;Stade Rennes;Lens;Chelsea FC;AS Monaco
Doplňte jméno bývalého hráče FC Barcelona: X______ Hernández;Xavi;Xabi;Xanti;Ximun
Doplňte jméno bývalého hráče Hamurgeru SV: U_____ Seeler;Uwe;Ulrich;Ulli;Urban
Doplňte jméno bývalého hráče Liverpoolu FC: I____ Rush;Ian;Ike;Isaac;Irving
Doplňte jméno bývalého hráče Manchesteru City: V_______ Kompany;Vincent;Valère;Valentin;Vivien
Doplňte jméno bývalého hráče Manchesteru City: Y______ Touré;Yaya;Yves;Youri;Yannic
Doplňte jméno bývalého hráče Manchesteru United: David B______;Beckham;Best;Bruce;Buchan
Doplňte jméno bývalého hráče Manchesteru United: W______ Rooney;Wayne;Warren;Wallace;Wilfred
Doplňte jméno bývalého hráče Realu Madrid: Z______ Zidane;Zinédine;Zacharie;Zaid;Ziyad
Doplňte jméno fotbalové legendy: D_____ Maradona;Diego;Domingo;David;Dani
Doplňte jméno fotbalové legendy: N_______ Bendtner;Nicklas;Niklas;Nikias;Nils
Doplňte jméno hráče Atlética Madrid: Luis S______;Suárez;Saúl;Santiago;Sánchez
Doplňte jméno hráče Barcelony: A_____ Griezmann;Antoine;Alain;André;Alexandre
Doplňte jméno hráče Barcelony: Gerard P____;Piqué;Pedro;Puyol;Paulinho
Doplňte jméno hráče PSG: L____ Messi;Lionel;León;Lorenzo;Luis
Doplňte jméno hráče Barcelony: O_____ Dembelé;Ousmane;Oscar;Olivier;Onésime
Doplňte jméno hráče Bayern Mnichov: R______ Lewandowski;Robert;Roman;Radzim;Radosław
Doplňte jméno hráče Evertonu FC: J____ Rodríguez;James;Juan;Julián;José
Doplňte jméno hráče Juventusu: C______ Ronaldo;Cristiano;Carlos;Cláudio;Casemiro
Doplňte jméno hráče Liverpoolu FC: M_______ Salah;Mohamed;Magdy;Majid;Malik
Doplňte jméno hráče Liverpoolu FC: Roberto F_______;Firmino;Fabinho;Fernandes;Fowler
Doplňte jméno hráče PSG: K______ Mbappé;Kylian;Kévin;Kanu;Kalidou
Doplňte jméno hráče Realu Madrid: T_____ Kroos;Toni;Thomas;Theo;Tim
Doplňte jméno hráče Realu Mardid: E____ Hazard;Eden;Edmé;Émeric;Étienne
Doplňte jméno hráče Realu Madrid: G____ Bale;Gareth;Gary;Griffith;Gerallt
Doplňte jméno hráče Tottenhamu Hotspur: H_____ Kane;Harry;Henry;Hugh;Hubert
Jak se jmenoval bývalý stadion Tottenhamu Hotspur?;White Hart Lane;Hotspur Stadium;Spurs Stadium;White Nest
Jak se jmenoval stadion, na kterém hrával Arsenal FC své domácí zápasy až do roku 2006?;Highbury;Woolwich;White Hart Lane;Boleyn Ground
Jak se jmenuje druhá nejprestižnější evropská fotbalová klubová soutěž?;Evropská liga;Pohár UEFA;Pohár Evropy;Evropský pohár
Jak se jmenuje dvojče Larse Bendera?;Sven;Felix;Liam;Jonas
Jak se jmenuje dvojče Svena Bendera?;Lars;Felix;Liam;Jonas
Jak se jmenuje fotbalový obránce Koulibaly?;Kalidou;Samuel;Clément;Douglas
Jak se jmenuje historicky nejstarší fotbalový pohár?;FA Cup;Copa del Rey;Carling Cup;Liga Mistrů/Pohár mistrů evropských zemí
Jak se jmenuje legendární brankář, který je otcem Kaspera Schmeichela?;Peter;Lars;Mikkel;Frederik
Jak se jmenuje legendární brněnský stadion, na kterém hrával místní tým až do roku 2001?;Za Lužánkami;Bazaly;Andrův Stadion;Ďolíček
Jak se jmenuje nejvyšší nizozemská fotbalová liga?;Eredivisie;Jupiter Pro League;Liga NOS;Super League
jak se jmenuje nejvyšší španělská fotbalová liga?;La Liga;Primeira Liga;Liga NOS;Copa del Rey
Jak se jmenuje nový stadion Tottenhamu Hotspur?;Tottenham Hostpur Stadium;White Hart Lane;Hotspur Nest;Wembley Stadium
Jak se jmenuje prezident Realu Madrid?;Florentino Pérez;Josep Maria Bartolomeu;Ramón Calderón;Lorenzo Sanz
Jak se jmenuje stadion fotbalového týmu Borussie Dortmund?;Signal Iduna Park;Borussia Stadium;Veltins Arena;Allianz Arena
Jak se jmenuje stadión Manchetseru City?;Etihad Stadium;Emirates Stadium;Sinobo Stadium;Old Trafford
Jaká přezdívka se pojí s fotbalovým klubem West Ham United?;Hammers;Gunners;Irons;Blades
Jaká společnost založila a sponzoruje fotbalový tým z Lipska hrající Bundesligu?;Red Bull;Big Schock;Monster;Semtex
Jaká země hostila EURO 2016?;Francie;Německo;Anglie;Portugalsko
Jaké číslo nosí na zádech obránce Liverpoolu Trent Alexander-Arnold?;66;3;21;42
Jaké číslo nosil v FC Barcelona Neymar?;11;7;9;10
Jaké číslo oblékal většinu profesionální kariéry fotbalový útočník Cristiano Ronaldo?;7;10;11;9
Jaké číslo oblékal většinu profesionální kariéry fotbalový útočník Lionel Messi?;10;7;9;11
Jaké je křestní jméno bývalého českého útočníka Siegla?;Horst;Jiří;Teodor;Zdeněk
Jaké je křestní jméno bývalého fotbalového reprezentanta a hráče Slavie nebo Sigmy Olmouc Vlčka?;Stanislav;Luděk;Jaromír;Libor
jaké je křestní jméno bývalého německého fotbalisty Ballacka?;Michael;Oliver;Fabian;Hermann
Jaké je křestní jméno fotbalového obránce Süleho?;Niklas;Tobias;Lars;Marco
Jaké je křestní jméno fotbalového trenéra Trpišovského?;Jindřich;Jan;Josef;Jakub
Jaké je křestní jméno fotbalového útočníka Vollanda?;Kevin;Marco;Philipp;Niklas
Jaké je křestní jméno francouzského obránce Lengleta?;Clément;Antoine;Claude;Jean-Antoine
Jaké je skutečné křestní jméno fotbalového kouče Pepa Guardioly?;Josep;Joaquín;Pedro;Felipe
Jaké národnosti byl Ferenc Puskás?;Maďarsko;Bulharsko;Rumunsko;Rakousko
Jaké národnosti je Diego Carlos?;Brazílie;Kolumbie;Argentina;Španělsko
Jaké národnosti je fotbalista Juan Cuadrado?;Kolumbie;Peru;Mexiko;Chile
Jaké národnosti je fotbalový obránce Dejan Lovren?;Chorvatsko;Srbsko;Černá Hora;Bosna a Hercegovina
Jaké národnosti je fotbalový útočník Bas Dost?;Nizozemsko;Portugalsko;Dánsko;Belgie
Jaké národnosti je fotbalový útočník Dominic Calvert-Lewin?;Anglie;USA;Skotsko;Jamajka
Jaké národnosti je fotbalový útočník Iago Aspas?;Španělsko;Mexiko;Kostarika;USA
Jaké národnosti je Thomas Meunier?;Belgie;Německo;Francie;Švýcarsko
Jaké tři soupeře dostala Slavia Praha ve skupinové fázi UEFA Champions League 2019/2020?;Barcelona, Dortmund, Inter;Real Madrid, Schalke, AS Řím;Chelsea, Sevilla, Genk;Bayern, Valencia, Lazio
Jaké zvíře najdeme ve znaku Bohemians 1905?;Klokana;Lva;Tygra;Koně
Jakou zemi reprezentoval Chicharito?;Mexiko;USA;Španělsko;Brazílie
Jakou zemi reprezentoval Claudio Pizarro?;Peru;Španělsko;Paraguay;Argentina
Jakou zemi reprezentoval Deco?;Portugalsko;Brazílie;Argentina;USA
Jakou zemi reprezentoval Eric Cantona?;Francie;Argentina;USA;Anglie
Jakou zemi reprezentoval Gary Cahill?;Anglie;Wales;Skotsko;Irsko
Jakou zemi reprezentoval John Terry?;Anglie;USA;Wales;Skotsko
Jakou zemi reprezentoval Luca Toni?;Itálie;Argentina;Španělsko;Portugalsko
Jakou zemi reprezentoval Michael Carrick?;Anglie;Skotsko;Wales;Severní Irsko
Jakou zemi reprezentoval Miroslav Klose?;Německo;Polsko;Česko;Litva
Jakou zemi reprezentoval Nemanja Vidić?;Srbsko;Chorvatsko;Bosna a Hercegovina;Černá Hora
Jakou zemi reprezentoval Rafael Márquez?;Mexiko;Španělsko;Argentina;Parguay
Jakou zemi reprezentoval Robin van Persie?;Nizozemsko;Belgie;Surinam;Írán
Jakou zemi reprezentoval Roy Keane?;Irsko;Skotsko;Wales;Anglii
Jakou zemi reprezentoval Wes Morgan?;Jamajku;USA;Anglii;Turecko
Jakou zemi reprezentuje André Silva?;Portugalsko;Španělsko;Brazílie;Argentina
Jakou zemi reprezentuje Ángel Correa?;Argentina;Španělsko;Uruguay;Paraguay
Jakou zemi reprezentuje Anthony Martial?;Francie;Anglie;USA;Turecko
Jakou zemi reprezentuje Antonio Rüdiger?;Německo;Itálie;Rakousko;Švýcarsko
Jakou zemi reprezentuje Ben Chilwell?;Anglie;Wales;USA;Austrálie
Jakou zemi reprezentuje Benjamin Mendy?;Francie;Belgie;DR Kongo;Nigérie
Jakou zemi reprezentuje Bruno Fernandes?;Portugalsko;Brazílie;Španělsko;Kolumbie
Jakou zemi reprezentuje Ciro Immobile?;Itálie;Španělsko;Argentina;USA
Jakou zemi reprezentuje Dani Olmo?;Španělsko;Chorvatsko;Itálie;Brazílie
Jakou zemi reprezentuje Dele Alli?;Anglie;USA;Egypt;Nový Zéland
Jakou zemi reprezentuje Divock Origi?;Belgie;Francie;Keňa;Kamerun
Jakou zemi reprezentuje Federico Chiesa?;Itálie;Argentina;Nizozemsko;Španělsko
Jakou zemi reprezentuje Ferran Torres?;Španělsko;Uruguay;Argentina;Paraguay
Jakou zemi reprezentuje fotbalista David Alaba?;Rakousko;Německo;Nigérie;Španělsko
Jakou zemi reprezentuje fotbalista Marquinhos?;Brazílie;Portuglasko;Španělsko;Argentina
Jakou zemi reprezentuje křídelní obránce Achraf Hakimi?;Maroko;Egypt;Turecko;Tunisko
Jakou zemi reprezentuje fotbalový záložník Henrikh Mkhitaryan?;Arménie;Albánie;Moldavsko;Gruzie
Jakou zemi reprezentuje Hakan Çalhanoğlu?;Turecko;Německo;Bulharsko;Maroko
Jakou zemi reprezentuje Heung-min Son?;Jižní Korea;Severní Korea;Japonsko;Čína
Jakou zemi reprezentuje Jan Oblak?;Slovinsko;Slovensko;Polsko;Bulharsko
Jakou zemi reprezentuje João Félix?;Portugalsko;Brazílie;Španělsko;USA
Jakou zemi reprezentuje Joshua Kimmich?;Německo;USA;Anglie;Austrálie
Jakou zemi reprezentuje Kalidou Koulibaly?;Senegal;DR Kongo;Belgie;Francie
Jakou zemi reprezentuje Kevin Volland?;Německo;Nizozemsko;Švýcarsko;Rakousko
Jakou zemi reprezentuje Kurt Zouma?;Francie;Belgie;Senegal;DR Kongo
Jakou zemi reprezentuje Lautaro Martínez?;Argentina;Chile;Španělsko;USA
Jakou zemi reprezentuje Luis Alberto?;Španělsko;Brazílie;Portugalsko;Mexiko
Jakou zemi reprezentuje Manuel Akanji?;Švýcarsko;Maroko;Německo;Nigérie
Jakou zemi reprezentuje Marc-André ter Stegen?;Německo;Nizozemsko;Dánsko;Švédsko
Jakou zemi reprezentuje Marco Asensio?;Španělsko;Maroko;Itálie;Alžírsko
Jakou zemi reprezentuje Mario Hermoso?;Španělsko;Uruguay;Argentina;Paraguay
Jakou zemi reprezentuje Michael Keane?;Anglie;Wales;Skotsko;Irsko
Jakou zemi reprezentuje Michy Batshuayi?;Belgie;Francie;Německo;Nizozemsko
Jakou zemi reprezentuje Milan Škriniar?;Slovensko;Slovinsko;Chorvatsko;Srbsko
Jakou zemi reprezentuje Nélson Semedo?;Portugalsko;Francie;USA;Španělsko
Jakou zemi reprezentuje Nico Elvedi?;Švýcarsko;Německo;Francie;Rakousko
Jakou zemi reprezentuje Nicolò Zaniolo?;Itálie;Španělsko;Švýcarsko;USA
Jakou zemi reprezentuje Philippe Coutinho?;Brazílie;Portugalsko;USA;Itálie
Jakou zemi reprezentuje Pierre-Emerick Aubameyang?;Gabon;Francie;Nigérie;Senegal
Jakou zemi reprezentuje Raphaël Guerreiro?;Portugalsko;Španělsko;Francie;Kolumbie
Jakou zemi reprezentuje Ricardo Pereira?;Portugalsko;Španělsko;Brazílie;Mexiko
Jakou zemi reprezentuje Robin Gosens?;Německo;Belgie;Nizozemsko;Švédsko
Jakou zemi reprezentuje Rodrigo de Paul?;Argentina;Uruguay;Itálie;Španělsko
Jakou zemi reprezentuje Rúben Dias?;Portugalsko;Brazílie;Španělsko;Mexiko
Jakou zemi reprezentuje Sadio Mané?;Senegal;Mali;Nigérie;Francie
Jakou zemi reprezentuje Saúl Ñíguez?;Španělsko;Argentina;Uruguay;Paraguay
Jakou zemi reprezentuje Sergej Milinković-Savić?;Srbsko;Chorvatsko;Bosna a Hercegovina;Černá Hora
Jakou zemi reprezentuje Sergio Agüero?;Argentina;Uruguay;Španělsko;Kolumbie
Jakou zemi reprezentuje Thiago Alcântara?;Španělsko;Brazílie;Argentina;USA
Jakou zemi reprezentuje Thibaut Courtois?;Belgie;Francie;Senegal;Mali
Jakou zemi reprezentuje Thorgan Hazard?;Belgie;Francie;Maroko;Egypt
Jakou zemi reprezentuje Tiemoué Bakayoko?;Francie;Mali;Nigérie;Belgie
Jakou zemi reprezentuje Wilfred Ndidi?;Nigérie;Kamerun;Francie;Senegal
Jakou zemi reprezentuje Willi Orban?;Maďarsko;Rakousko;Bulharsko;Německo
Jakou zemi reprezentuje Youri Tielemans?;Belgie;Francie;DR Kongo;Mali
Jaký je současný sponzorský název české nejvyšší fotbalové soutěže?;Fortuna:Liga;Gambrinus:Liga;ePojisteni.cz:Liga;Synot:Liga
Kdo byl kapitánem Francie na MS ve fotbale 2018?;Hugo Lloris;Olivier Giroud;Blaise Matuidi;N'Golo Kanté
Kdo byl kapitánem Německa na MS 2018 ve fotbale?;Manuel Neuer;Mats Hummels;Philipp Lahm;Bastian Schweinsteiger
Kdo byl kapitánem Španělska na MS 2018 ve fotbale?;Sergio Ramos;David Silva;Andrés Iniesta;Gerard Piqué
Kdo je historicky nejdražším hráčem Interu Milano?;Romelu Lukaku;Hernán Crespo;Christian Vieri;Christian Eriksen
Kdo je historicky nejlepším střelcem argentinské fotbalové reprezentace?;Lionel Messi;Hernán Crespo;Diego Maradona;Gabriel Batistuta
Kdo je historicky nejlepším střelcem Arsenalu FC?;Thierry Henry;Ian Wright;Robin van Persie;Cliff Bastin
Kdo je historicky nejlepším střelcem brazilské fotbalové reprezentace?;Pelé;Neymar;Ronaldo;Romário
Kdo je historicky nejlepším střelcem Cheslea FC?;Frank Lampard;Eden Hazard;Bobby Tambling;Didier Drogba
Kdo je historicky nejlepším střelcem FC Barcelona?;Lionel Messi;László Kubala;Luis Suárez;Rivaldo
Kdo je historicky nejlepším střelcem francouzské fotbalové reprezentace?;Thierry Henry;Olivier Giroud;Michel Platini;David Trézéguet
Kdo je historicky nejlepším střelcem Liverpoolu FC?;Ian Rush;Robbie Fowler;Kenny Dalglish;Steven Gerrard
Kdo je historicky nejlepším střelcem Manchesteru City?;Sergio Agüero;Eric Brook;Tommy Johnson;Alan Oakes
Kdo je historicky nejlepším střelcem Manchesteru United?;Wayne Rooney;Bobby Charlton;Ryan Giggs;Denis Law
Kdo je historicky nejlepším střelcem Newcastlu United?;Alan Shearer;Jackie Milburn;Len White;Bill McCracken
Kdo je historicky nejlepším střelcem španělské fotbalové La Ligy?;Lionel Messi;Telmo Zarra;Cristiano Ronaldo;Raúl
Kdo je historicky nejlepším střelcem švédské fotbalové reprezentace?;Zlatan Ibrahimović;Gunnar Nordahl;Sven Rydell;Henrik Larsson
Kdo je historicky nejlepším střelcem Tottenhamu Hotspur?;Jimmy Greaves;Harry Kane;Jermain Defoe;Steve Perryman
Kdo je historicky nejlepším střelcem UEFA Champions League?;Cristiano Ronaldo;Lionel Messi;Raúl;Karim Benzema
Kdo je historicky nejmladším střelcem UEFA Champions League?;Ansu Fati;Lionel Messi;Bojan Krkić;Cesc Fábregas
Kdo je kapitánem Arsenalu FC?;Pierre-Emerick Aubameyang;Héctor Bellerín;Alexandre Lacazette;Granit Xhaka
Kdo je kapitánem Bayernu Mnichov?;Manuel Neuer;Thomas Müller;Javi Martínez;Jérôme Boateng
Kdo je kapitánem Chelsea FC?;César Azpilicueta;Jorginho;Thiago Silva;N'Golo Kanté
Kdo je kapitánem FC Barcelona?;Sergio Busquets;Gerard Piqué;Sergi Roberto;Jordi Alba
Kdo je kapitánem Juventusu FC?;Giorgio Chiellini;Leonardo Bonucci;Gianluigi Buffon;Cristiano Ronaldo
Kdo je kapitánem Manchesteru City?;Fernandinho;Kevin De Bruyne;Raheem Sterling;Sergio Agüero
Kdo je kapitánem Realu Madrid?;Marcelo;Karim Benzema;Raphaël Varane;Toni Kroos
Kdo je kapitánem Tottenhamu Hotspur?;Hugo Lloris;Harry Kane;Toby Alderweireld;Eric Dier
Kdo je kapitánem West Hamu?;Marc Noble;Łukasz Fabiański;Declan Rice;Tomáš Souček
Kdo je předsedou Slavie?;Jaroslav Tvrdík;Jiří Šímáně;Daniel Křetínský;Miroslav Pelta
Kdo je současným kapitánem Manchesteru United?;Harry Maguire;Marcus Rashford;David De Gea;Bruno Fernandes
Kdo se stal nejlepším střelcem EURO 2016?;Antoine Griezmann;Cristiano Ronaldo;Gareth Bale;Dimitri Payet
Kdo vstřelil jediný gól finále MS 2010 ve fotbale? (Španělsko 1:0 AET Nizozemsko);Andrés Iniesta;David Villa;Pedro;Fernando Torres
Kdo vstřelil rozhodující penaltu Československa ve finále ME ve fotbale 1976?;Antonín Panenka;Anton Ondruš;Zdeněk Nehoda;Marián Masný
Kdo vyhrál Ligu mistrů 2004/2005?;Liverpool FC;Porto FC;FC Barcelona;AC Milan
Kdo vyhrál Ligu mistrů 2005/2006?;FC Barcelona;Liverpool FC;Arsenal FC;AC Milan
Kdo vyhrál Ligu mistrů 2006/2007?;AC Milan;FC Barcelona;Real Madrid;Liverpool FC
Kdo vyhrál Ligu mistrů 2007/2008?;Manchester United;AC Milan;FC Barcelona;Chelsea FC
Kdo vyhrál Ligu mistrů 2008/2009?;FC Barcelona;Manchester United;Internazionale Milano;Chelsea FC
Kdo vyhrál Ligu mistrů 2009/2010?;Internazionale Milano;FC Barcelona;Manchester United;Chelsea FC
Kdo vyhrál Ligu mistrů 2010/2011?;FC Barcelona;Internazionale Milano;Manchester United;Chelsea FC
Kdo vyhrál Ligu mistrů 2011/2012?;Chelsea FC;Bayern Mnichov;Real Madrid;FC Barcelona
Kdo vyhrál Ligu mistrů 2012/2013?;Bayern Mnichov;Real Madrid;FC Barcelona;Borussia Dortmund
Kdo vyhrál Ligu mistrů 2013/2014?;Real Madrid;Bayern Mnichov;FC Barcelona;Atlético Madrid
Kdo vyhrál Ligu mistrů 2014/2015?;FC Barcelona;Real Madrid;Juventus FC;Atlético Madrid
Kdo vyhrál Ligu mistrů 2015/2016?;Real Madrid;Juventus FC;FC Barcelona;Atlético Madrid
Kdo vyhrál Ligu mistrů 2016/2017?;Real Madrid;Juventus FC;FC Barcelona;Atlético Madrid
Kdo vyhrál Ligu mistrů 2017/2018?;Real Madrid;Juventus FC;FC Barcelona;Liverpool FC
Kdo vyhrál Ligu mistrů 2018/2019?;Liverpool FC;Real Madrid;Bayern Mnichov;FC Barcelona
Kdo vyhrál Ligu mistrů 2019/2020?;Bayern Mnichov;Liverpool FC;Real Madrid;PSG
Kdo vyhrál MS ve fotbale 2002?;Brazílie;Německo;Itálie;Francie
Kdo vyhrál MS ve fotbale 2006?;Itálie;Brazílie;Španělsko;Francie
Kdo vyhrál MS ve fotbale 2010?;Španělsko;Itálie;Německo;Francie
Kdo vyhrál MS ve fotbale 2014?;Německo;Itálie;Brazílie;Francie
Kdo vyhrál MS ve fotbale 2018?;Francie;Německo;Chorvatsko;Brazílie
Kolik gólů vstřelil Robert Lewandowski během devíti minut v zápase Bundesligy proti Wolfsburgu?;5;4;6;9
Kolikátí skončili Češi na ME ve fotbale 1996?;2.;1.;3.;4.
Která automobilka vlastní německý fotbalový klub VfL Wolfsburg?;Volkswagen;Mercedes;Audi;BMW
Která barva je typická pro FK Jablonec?;Zelená;Modrá;Žlutá;Rudá
Která země hostila historicky první Mistrovství světa ve fotbale?;Uruguay;Brazílie;Itálie;Anglie
Která země hostila ME ve fotbale 1976?;Jugoslávie;Československo;Západní Německo;Portugalsko
Která země se zúčastnila všech MS ve fotbale?;Brazílie;Německo;Argentina;Uruguay
Které dvě země hostily EURO 2012?;Polsko a Ukrajina;Anglie a Wales;Rakousko a Švýcarsko;Chorvatsko a Slovinsko
Které dvě země hostily Mistrovství světa ve fotbale 2002?;Jižní Korea a Japonsko;Jižní Korea a Severní Korea;Čína a Japonsko;Čína a Severní Korea
Které týmy spolu sehrávají „Vršovické derby“?;Bohemians – Slavia;Bohemians – Dukla;Slavia – Žižkov;Dukla – Žižkov
Které zvíře najdeme ve znaku SS Lazia Řím?;Orel;Lev;Vlk;Delfín
Kterého hráče prodal Tottenham Hotspur za rekordní sumu?;Gareth Bale;Luka Modrić;Kyle Walker;Dimitar Berbatov
Kterému fotbalistovi se přezdívalo El Niño?;Fernando Torres;David Villa;Lionel Messi;Juan Mata
Kterému německému týmu pomohl vystřílet vítězství v Bundeslize brazilský útočník Grafite?;VfL Wolfsburg;Bayern Mnichov;VfB Stuttgart;Borussia Dortmund
Kterou zemi reprezentoval fotbalový obránce Stephan Lichtsteiner?;Švýcarsko;Itálii;Rakousko;Lichtenštejnsko
Kterou zemi reprezentoval fotbalový útočník George Best?;Severní Irsko;Anglii;Skotsko;Irsko
Kterou zemi reprezentoval fotbalový útočník Tim Cahill?;Austrálie;Nový Zéland;Samoa;USA
Kterou zemi reprezentuje fotbalista Josip Iličić?;Slovinsko;Chorvatsko;Srbsko;Švýcarsko
Kterou zemi reprezentuje fotbalista Stephan El Shaarawy?;Itálie;Egypt;Francie;Maroko
Kterou zemi reprezentuje fotbalový brankář Claudio Bravo?;Chile;Španělsko;Mexiko;Kostarika
Kterou zemi reprezentuje fotbalový brankář Keylor Navas?;Kostariku;Mexiko;USA;Španělsko
Kterou zemi reprezentuje fotbalový křídelník Gervinho?;Pobřeží slonoviny;Ghanu;Kolumbii;Brazílii
Kterou zemi reprezentuje fotbalový útočník Richarlison?;Brazílie;Island;Dánsko;USA
Kterou zemi reprezentuje Milot Rashica?;Kosovo;Moldavsko;Albánie;Švýcarsko
Který brankář historie Serie A drží nejdelší sérii minut bez inkasované branky (974 minut)?;Gianluigi Buffon;Dino Zoff;Sebastiano Rossi;Morgan De Sanctis
Který brankář jako jediný vyhrál Zlatý míč (Ballon d'Or)?;Lev Jašin;Gianluigi Buffon;Dino Zoff;Peter Schmeichel
Který brankář odchytal nejvíce v zápasů v UEFA Champions League?;Iker Casillas;Gianluigi Buffon;Petr Čech;Manuel Neuer
Který český fotbalista se roku 1996 umístil v anketě Zlatý míč (Ballon d'Or) na 10. místě?;Karel Poborský;Patrik Berger;Radek Bejbl;Tomáš Skuhravý
Který český hráč si připsal v UEFA Champions League nejvíce startů?;Petr Čech;Pavel Nedvěd;Tomáš Rosický;Vladimír Šmicer
Který fotbalový brankář si v historii anglické Premier League připsal nejvíce čistých kont?;Petr Čech;Kasper Schmeichel;David Seaman;David de Gea
Který fotbalový klub je považován FIFA i FA za nejstarší?;Sheffield FC;Everton FC;Cork City;Oxford FC
Který fotbalový tým má ve své sbírce nejvíce bundesligových titulů?;Bayern Mnichov;Schalke 04;Kaiserslautern;Borussia Dortmund
Který hráč byl nejlepším střelcem UEFA Champions League před Cristianem Ronaldem?;Raúl;Ruud van Nistelrooy;Thierry Henry;Filippo Inzaghi
Který hráč Chelsea obléká číslo 28?;César Azpilicueta;Kurt Zouma;Jorginho;Emerson
Který hráč Internazionale Milano si vstřelil ve finále UEFA Europa League 2019/2020 vlastní gól?;Romelu Lukaku;Diego Godín;Alessandro Bastoni;Samir Handanović
Který hráč jako jediný v historii Československa obdržel Zlatý míč (Ballon d'Or)?;Josef Masopust;Antonín Panenka;Josef Bican;František Plánička
Který hráč jako jediný vyhrál 3× Mistrovství světa ve fotbale?;Pelé;Sókrates;Ademir;Garrincha
Který hráč je idolem Marca Reuse?;Tomáš Rosický;Ronaldinho;Zinedine Zidane;Lothar Matthäus
Který hráč je kapitánem PSG?;Marquinhos;Thiago Silva;Keylor Navas;Marco Verratti
Který hráč Liverpoolu FC měl na sobě kapitánskou pásku ve finále Ligy mistrů 2019?;Jordan Henderson;Andrew Robertson;Roberto Firmino;Mohamed Salah
Který hráč nasázel v nejvyšší české fotbalové lize nejvíce hattricků?;David Lafata;Libor Došek;Horst Siegl;Milan Škoda
Který hráč nastoupil v dresu AC Milan do nejvyššího počtu zápasů?;Paolo Maldini;Césare Maldini;Franco Baresi;Alessandro Costacurta
Který hráč obdržel v historii španělské fotbalové ligy nejvíce červených karet?;Sergio Ramos;Fernando Amorebieta;David Navarro;Carlos Marchena
Který hráč odehrál nejvíce zápasů za italskou fotbalovou reprezentaci?;Gianluigi Buffon;Paolo Maldini;Andrea Pirlo;Fabio Cannavaro
Který hráč Realu Madrid zařídil vyrovnání ve finále Ligy mistrů 2014 v nastaveném čase?;Sergio Ramos;Ángel Di María;Gareth Bale;Cristiano Ronaldo
Který hráč rozhodl svým gólem finále EURO 2016? (Portugalsko 1:0 Francie);Éder;Cristiano Ronaldo;Ricardo Quaresma;Nani
Který hráč se stal nejlepším střelcem na MS 1970 ve fotbale?;Gerd Müller;Teófilo Cubillas;Jairzinho;Anatolij Byšovec
Který hráč si připsal nejvíce startů v dresu české fotbalové reprezentace?;Petr Čech;Tomáš Rosický;Milan Baroš;Tomáš Ujfaluši
Který hráč si připsal nejvíce startů v dresu dánské fotbalové reprezentace?;Peter Schmeichel;Michael Laudrup;Dennis Rommedahl;Christian Eriksen
Který hráč si ve fotbalovém týmu SSC Neapol připsal nejvíce startů?;Marek Hamšík;Antonio Juliano;Giuseppe Bruscolotti;José Callejón
Který hráč vstřelil jediný gól finále UEFA Champions League 1995? (Ajax Amsterdam 1:0 AC Milan);Patrick Kluivert;Jari Litmanen;Marc Overmars;Nwankwo Kanu
Který hráč vyhrál nejvíce titulů v anglické fotbalové Premier League?;Ryan Giggs;Paul Scholes;Gary Neville;Phil Neville
Který kouč nahradil v létě 2020 Quiquého Setiéna na lavičce FC Barcelona?;Ronald Koeman;Luis Enrique;Xavi;Ernsto Valverde
Který obránce zaznamenal během jedné sezóny anglické Premier League nejvíce asistencí?;Trent Alexander-Arnold;Marcos Alonso;César Azpilicueta;Andrew Robertson
Který pivovar byl hlavním sponzorem české nejvyšší fotbalové soutěže mezi lety 1997 a 2014?;Gambrinus;Staropramen;Zlatopramen;Budweiser Budvar
Který ruský tým má ve svém jméně slovo Arsenal?;Arsenal Tula;Arsenal Moskva;Arsenal Rudé armády;Arsenal Soči
Který ruský tým trénoval Pavel Vrba?;Anži Machačkala;Křídla sovětů Samara;Rubin Kazaň;Spartak Moskva
Který slovenský fotbalový tým se schovává pod přezdívkou „Šošoni“?;MŠK Žilina;FC ViOn Zlaté Moravce – Vráble;MFK Ružomberok;FK Pohronie
Který trenér dovedl Juventus FC k pěti po sobě jdoucím titulům?;Massimilliano Allegri;Carlo Ancelotti;Antonio Conte;Maurizio Sarri
Který trenér dovedl Liverpool FC k vítězství v UEFA Champions League v sezóně 2004/05?;Rafael Benítez;Roy Hodgson;Gerard Houllier;Kenny Dalglish
Který trenér dovedl Viktorii Plzeň ke třem titulům v české lize?;Pavel Vrba;Miroslav Koubek;Dušan Uhrin ml.;Jindřich Trpišovský
Který trenér strávil na lavičce české reprezentace nejdelší období?;Karel Brückner;Pavel Vrba;Jozef Chovanec;Dušan Uhrin st.
Který trenér strávil na lavičce Manchesteru United nejdelší dobu?;Alex Ferguson;Matt Busby;Scott Duncan;Ron Atkinson
Který tým má na svém kontě nejvíce vítězství v UEFA Women's Champions League?;Olympique Lyon;FC Barcelona;Arsenal FC;Eintracht Frankfurt
Který tým má nejvíce titulů v historii UEFA Champions League?;Real Madrid;AC Milan;Liverpool FC;Bayern Mnichov
Který tým má nejvíce titulů v historii UEFA Europa League?;Sevilla;Real Madrid;Feyenoord;Liverpool
Který tým mimo Anglii, Itálii, Německo a Španělsko vyhrál nejvíce titulů v UEFA Champions League?;Ajax Amsterdam;Olympique Lyon;FC Porto;Celtic Glasgow
Který tým prohrál nejvíce finále UEFA Champions League (6)?;Juventus;Real Madrid;Bayern Mnichov;AC Milan
Který tým reprezentoval Luís Figo?;Portugalsko;Španělsko;Mexiko;Argentina
Který tým vyhrál nejvíce titulů Mistrovství světa ve fotbale?;Brazílie;Itálie;Německo;Argentina
Který tým vyhrál nejvíce titulů v anglické fotbalové lize?;Manchester United;Liverpool FC;Leeds United;Sheffield United
Který tým vyhrál nejvíce titulů v belgické fotbalové lize?;RSC Anderlecht;KRC Genk;Clube Brugge;KAA Gent
Který tým vyhrál nejvíce titulů v české fotbalové lize?;Sparta Praha;Slavia Praha;Dukla Praha;Baník Ostrava
Který tým vyhrál nejvíce titulů v italské fotbalové lize?;Juventus FC;Internazionale Milano;AC Milan;Genoa CFC
Který tým vyhrál nejvíce titulů v německé fotbalové lize?;Bayern Mnichov;Borussia Dortmund;Hamburger SV;TSV Munich 1860
Který tým vyhrál nejvíce titulů ve španělské fotbalové lize?;Real Madrid;FC Barcelona;Athletic Bilbao;Valencia CF
Který tým vyhrál Premier League v roce 2011?;Manchester United;Arsenal FC;Manchester City;Chelsea FC
Který tým vyhrál Premier League v roce 2012?;Manchester City;Manchester United;Arsenal FC;Chelsea FC
Který tým vyhrál Premier League v roce 2013?;Manchester United;Arsenal FC;Manchester City;Chelsea FC
Který tým vyhrál Premier League v roce 2014?;Manchester City;Manchester United;Liverpool FC;Chelsea FC
Který tým vyhrál Premier League v roce 2015?;Chelsea FC;Manchester City;Leicester City;Liverpool FC
Který tým vyhrál Premier League v roce 2016?;Leicester City;Chelsea FC;Manchester City;Liverpool FC
Který tým vyhrál Premier League v roce 2017?;Chelsea FC;Manchester City;Leicester City;Liverpool FC
Který tým vyhrál Premier League v roce 2018?;Manchester City;Manchester United;Liverpool FC;Chelsea FC
Který tým vyhrál Premier League v roce 2019?;Manchester City;Manchester United;Liverpool FC;Chelsea FC
Který tým vyhrál Premier League v roce 2020?;Liverpool FC;Manchester City;Manchester United;Chelsea FC
Který tým vyhrál první ročník UEFA Nations League 2018/2019?;Portugalsko;Anglie;Nizozemsko;Belgie
Který tým získal nejvíce titulů v italské fotbalové lize?;Juventus;AC Milan;Internazionale Milano;Pro Vercelli
Který tým získal nejvíce titulů v novodobé éře Premier League (od roku 1992)?;Manchester United;Chelsea FC;Manchester City;Arsenal FC
Který tým zvítězil na prvním MS ve fotbale?;Uruguay;Brazílie;Argentina;Itálie
Který z následujících fotbalových klubů má ve znaku indiána?;KAA Gent;Clube Brugge KV;Royal Antverpy;KRC Genk
Který z těchto hráčů nikdy nezískal Zlatý míč (Ballon d'Or)?;Frank Rijkaard;Marco van Basten;Ruud Gullit;Johan Cruyff
Který z těchto hráčů si zahrál za Real Madrid i Barcelonu?;Luis Figo;David Silva;Lionel Messi;Diego Maradona
Který z těchto tureckých fotbalových týmu nesídlí v Istanbulu?;Trabzonspor;Fenerbahce;Galatasaray;Besiktas
Který z těchto týmů nikdy netrénoval Rafael Benítez?;Bayern Mnichov;SSC Neapol;Real Madrid;Chelsea
Který z těchto týmů se dostal do finále MS ve fotbale 2018?;Chorvatsko;Rusko;Slovinsko;Nizozemsko
Na jakém stadionu hraje své domáci zápasy Bayern Mnichov?;Allianz Arena;BMW Arena;Bayern Stadium;Bavaria Stadium
Na jakém stadionu hraje své domácí zápasy fotbalový klub Arsenal FC?;Emirates Stadium;Stamford Bridge;Highbury;Etihad Stadium
Na jakém stadionu hraje své domácí zápasy fotbalový klub Sigma Olomouc?;Andrův Stadion;Stadion Střelnice;Stadion Miroslava Valenty;Stadion Karla Brücknera
Na jakém stadionu hraje své domácí zápasy fotbalový klub Valencia CF?;Mestalla;Estadio Ramón Sánchez Pizjuán;San Mamés;Estadio La Rosaleda
Na jakém stadionu odehrála česká fotbalová reprezentace nejvíce utkání?;Generali Arena;Doosan Arena;Sinobo Stadium;Na Stínadlech
Na kterém ostrově se narodil fotbalista Cristiano Ronaldo?;Madeira;Pico;Flores;Porto Santo
Odchovancem kterého týmu je David De Gea?;Atlético Madrid;Manchester United;Real Madrid;FC Barcelona
Se kterým koučem získala FC Barcelona svoji první trofej Ligy mistrů/Poháru mistrů evropských zemí?;Johan Cruyff;Louis van Gaal;Frank Rijkaard;Pep Guardiola
Proti kterému týmu vstřelil Diego Maradona na MS 1986 gól rukou, známý jako Boží ruka?;Anglie;Brazílie;Francie;Uruguay
S jakým míčem se odehrálo EURO 2004?;Adidas Roteiro;Adidas Questra;Adidas Fevernova;Adidas Teamgeist
V jaké zemi hraje fotbalový klub CA Osasuna?;Španělsko;Portugalsko;Francie;Itálie
V jaké zemi najdeme fotbalový klub Fenerbahce?;Turecko;Rumunsko;Maďarsko;Bulharsko
V jaké zemi se narodil Eden Hazard?;Belgie;Tunisko;Francie;Alžírsko
V jakém českém prvoligovém týmu hrával fotbalový útočník Edin Džeko?;Teplice;Slavia;Sparta;Baník Ostrava
V jakém městě hraje své domácí zápasy Juventus FC?;Turín;Milán;Řím;Neapol
V jakém městě hraje své domácí zápasy nizozemský fotbalový tým Vitesse?;Arnhem;Enschede;Eindhoven;Venlo
V jakém městě sídlí německý fotbalový tým Schalke 04?;Gelsenkirchen;Berlín;Dortmund;Duisburg
V jakém městě sídlí řecký fotbalový tým Olympiakos?;Pireus;Larisa;Athény;Soluň
V jakém městě sídlí skotský klub Celtic FC?;Glasgow;Edinburgh;Dundee;Aberdeen
V jakém městě sídlí skotský klub Rangers FC?;Glasgow;Edinburgh;Dundee;Aberdeen
V jakém městě sídlí španělský fotbalový tým Real Sociedad?;San Sebastian;Bilbao;Sociedad;Madrid
V jakém roce byl založen Real Madrid?;1902;1900;1896;1898
V jakém roce se stali hráči Československa fotbalovými mistry Evropy?;1976;1970;1972;1974
V jakém roce vyhráli reprezentanti Anglie Mistrovství světa ve fotbale?;1966;1954;1958;1962
V jakém týmu hraje fotbalový útočník Fabio Quagliarella?;UC Sampdoria Janov;Cagliari Calcio;Udinese Calcio;Chievo Verona
V jakém týmu hraje Pavel Kadeřábek?;TSG Hoffenheim;1. FC Augsburg;Werder Brémy;VfL Wolfsburg
V jakém týmu hrál Marc-André ter Stegen před odchodem do FC Barcelona?;Borussia Mönchengladbach;VfB Stuttgart;Borussia Dortmund;Schalke 04
V jakém týmu prožil většinu kariéry fotbalista Eusébio?;Benfica Lisabon;Boavista;FC Porto;Sporting Lisabon
V jakém týmu prožil většinu kariéry fotbalista Raúl?;Real Madrid;FC Barcelona;Atlético Madrid;Deportivo La Coruña
V jakém týmu si připsal první starty Kylian Mbappé?;AS Monaco;Lille OSC;PSG;Olympique Lyon
V jakém týmu si Raheem Sterling připsal své první starty v Premier League?;Liverpool;Aston Villa;Manchester City;QPR
V jakém týmu vyrostl a připsal si první starty ve fotbalové Premier League Wayne Rooney?;Everton;Liverpool;Manchester United;Bolton
V jakém týmu začal svou seniorskou kariéru fotbalista Neymar?;Santos;Flamengo;Palmeiras;Corinthians
V jakém týmu zahájil svoji evropskou část kariéry Roberto Firmino?;TSG Hoffenheim;FC Porto;Olympique Lyon;Udinese Calcio
V jakém týmu zahájil svoji profesionální kariéru Cristiano Ronaldo?;Sporting CP;Porto FC;Benfica Lisabon;Braga SC
V kolika letech zemřel Diego Maradona?;60;58;59;63
Ve které africké zemi se již konalo Mistrovství světa ve fotbale?;Jihoafrická republika;Egypt;Nigérie;Pobřeží slonoviny
Ve které sezóně slavil Baník Ostrava svůj jediný titul v české fotbalové lize?;2003/04;2001/2002;2005/2006;2007/2008
Ve které zemi najdeme fotbalový tým Fluminense FC?;Brazílie;Argentina;Uruguay;Španělsko
Ve které zemi nalezneme fotbalový klub Ludogorec Razgrad?;Bulharsko;Srbsko;Severní Makedonie;Bosna a Hercegovina
Ve které zemi nalezneme fotbalový klub Rio Ave FC?;Portugalsko;Brazílie;Španělsko;Argentina
Ve které zemi nalezneme fotbalový klub RSC Anderlecht?;Belgie;Nizozemsko;Švédsko;Dánsko
Ve které zemi se odehrálo Mistrovství světa ve fotbale 2006?;Německo;Itálie;Francie;Jihoafrická republika
Ve které zemi se odehrálo Mistrovství světa ve fotbale 2010?;Jihoafrická republika;Brazílie;Španělsko;Německo
Ve které zemi se odehrálo Mistrovství světa ve fotbale 2014?;Brazílie;Jihoafrická republika;Německo;Rusko
Ve které zemi se odehrálo Mistrovství světa ve fotbale 2018?;Rusko;Brazílie;Francie;Katar
Ve kterém francouzském týmu fotbalově vyrostl Eden Hazard?;Lille OSC;Stade Rennes;Olypmpique Lyon;FC Nantes
Ve kterém italském klubu si zahrál fotbalový záložník David Beckham?;AC Milan;Internazionale Milano;Juventus FC;SSC Neapol
Ve kterém klubu chytal mezi lety 1994-2008 německý fotbalový brankář Oliver Kahn?;Bayern Mnichov;Borussia Dortmund;Hamburger SV;Schalke 04
Ve kterém klubu působil mezi lety 2010 a 2015 německý fotablový záložník Sami Khedira?;Real Madrid;Borussia Dortmund;Bayern Mnichov;Juventus FC
Ve kterém městě najdeme nizozemské PSV?;Eindhoven;Amsterdam;Rotterdam;Alkmaar
Ve kterém městě prohrála Brazílie s Německem 1:7?;Belo Horizonte;Salvador;Rio de Janeiro;São Paulo
Ve kterém městě sídlí ruský klub Zenit?;Petrohrad;Moskva;Krasnodar;Rostov
Ve kterém roce se narodil Cristiano Ronaldo?;1985;1986;1987;1988
Ve kterém roce se narodil Lionel Messi?;1987;1985;1986;1988
Ve kterém roce získal Josef Masopust Zlatý míč (Ballon d'Or)?;1962;1960;1964;1966
Ve kterém španělském týmu zahájil svoji kariéru Antoine Griezmann?;Real Sociedad;Real Zaragoza;Atlético Madrid;CA Osasuna
Ve kterém týmu hraje Bernando Silva?;Manchester City;FC Barcelona;Sevilla FC;PSG
Ve kterém týmu hrál celou svoji kariéru Francesco Totti?;AS Řím;AC Milan;Internazionale Milano;Juventus FC
Ve kterém týmu kromě Bayernu Mnichoval nastoupil na seniorské úrovni Thomas Müller?;v žádném;VfB Stuttgart;Werder Brémy;Schalke 04
Ve kterém týmu nalezneme Juliana Draxlera?;PSG;Lille OSC;VfL Wolfsburg;Schalke 04
Ve kterém týmu působí fotbalový záložník Aaron Ramsey?;Juventus FC;Arsenal FC;Everton FC;AS Řím
Ve kterém týmu působil před příchodem do Slavie fotbalový kouč Jindřich Trpišovský?;Slovan Liberec;Jablonec;Baník Ostrava;Teplice
Ve kterém týmu strávil nejdelší část kariéry Alan Shearer?;Newcastle United;Manchester United;Blackburn Rovers;Southampton FC
Ve kterém týmu strávil nejdelší část své kariéry fotbalový obránce Roberto Carlos?;Real Madrid;Internazionale Milano;Palmeiras;AC Milan
Ve kterém týmu strávil nejdelší část své kariéry fotbalový záložník Franck Ribéry?;Bayern Mnichov;Olympique Marseille;FC Metz;Galatasaray
Ve kterém týmu strávil nejdelší část své kariéry fotbalový záložník Patrick Vieira?;Arsenal FC;Juventus FC;Olympique Lyon;Internazionale Milano
Ve kterém týmu ukončil karéru brazilský fotbaový záložník Kaká?;Orlando City SC;Sporting Kansas City;LA Galaxy;Inter Miami
Z jakého klubu přestoupil Mohamed Salah do Liverpoolu?;AS Řím;Southampton FC;ACF Fiorentina;Chelsea FC
Z jakého týmu přišel do Liverpoolu FC Virgil van Dijk?;Southampton;Ajax Amsterdam;Celtic Glasgow;Newcastle United
Z jakého týmu přišel do Manchesteru United Harry Maguire jakožto nejdražší obránce historie?;Leicester City;Hull City;Southampton;Sheffield United
Který tým trénuje Wayne Rooney?;Derby County;Birmingham;Huddersfield;Lincoln City
Za kterého hráče obdržel Liverpool FC nejvyšší přestupovou částku?;Philippe Coutinho;Fernando Torres;Luis Suárez;Raheem Sterling
Za který italský tým hrál Diego Maradona?;SSC Neapol;Juventus FC;AC Milan;Sampdoria Janov
Za který tým nastupoval Carles Puyol celou svoji kariéru?;FC Barcelona;Real Madrid;Valencia CF;FC Sevilla
Za který z těchto týmu nikdy nehral český reprezntační záložník Tomáš Rosický?;Lazio Řím;Arsenal;Borussia Dortmund;Sparta Praha
Za který z těchto týmů si zahrál Samuel Eto'o?;Anži Machačkala;Křídla sovětů Samara;Zenit Petrohrad;CSKA Moskva
Za přestup kterého hráče obdržel Manchester United nejvyšší částku?;Cristiano Ronaldo;Romelu Lukaku;Ángel Di María;David Beckham
Ze které země pocházel Alex Ferguson?;Skotsko;Anglie;Wales;Irsko
Ze kterého klubu přestoupil fotbalový útočník Michael Krmenčík do Clube Brugge KV?;Viktoria Plzeň;Slavia Praha;Sparta Praha;Slovan Liberec
Ze kterého města pochází švýcarský fotbalový tým BSC Young Boys?;Bern;Ženeva;Basilej;Lugano
Ze kterého týmu přestoupil do Realu Madrid fotbalista Karim Benzema?;Olympique Lyon;AS Monaco;PSG;Olympique Marseille
Ze kterého týmu přestoupil roku 2002 Milan Baroš do Liverpoolu FC?;Baník Ostrava;Slovan Liberec;Sigma Olomouc;Sparta Praha
Ze kterého týmu přišel do Barcelony fotbalový obránce Jordi Alba?;Valencia CF;Real Betis;Rayo Vallecano;RCD Mallorca
Ze kterého týmu přišel do Bayernu Manuel Neuer?;Schalke 04;Borussia Dortmund;Bayer Leverkusen;VfB Stuttgart
Ze kterého týmu přišel do Juventusu FC Pavel Nedvěd?;SS Lazio;Sparta Praha;Benfica Lisabon;Borussia Dortmund
Co prohlásil fotbalový kouč José Mourinho na své první tiskové konferenci v Anglii?;I'm a Special One;We're Going to Win the League;I am José Mourinho and I Don't Change;God Must Really Think I'm a Great Guy
Hymna UEFA Champions League je zpívána ve třech jazycích, který mezi ně nepatří?;Španělština;Francoužština;Angličtina;Němčina
Jak nazval José Mourinho svého rivala Arséna Wengera (mimo jiné)?;Specialist in Failure;No-trophy Man;Senile Idiot;The Loser
Jak se jmenoval předchůdce dnešní Ligy Mistrů?;Pohár mistrů evropských zemí;Pohár UEFA;Pohár Evropy;Veletržní pohár
Jak se jmenuje otec Justina Kluiverta?;Patrick;Jordi;Johan;Albert
jak se jmenuje stadion Burnley FC?;Turf Moor;Boleyn Ground;Burnley Stadium;Goodison Park
Jak se jmenuje stadion fotbalového týmu Schalke 04?;Veltins-Arena;Coface Arena;Benteler Arena;Weserstadion
Jak se původně jmenoval morvaský klub, který si roku 2004 změnil název na 1. FC Slovácko?;1. FC Synot;FC Uherské Hradiště;Slovácká Slavia Uherské Hradiště;F CHradiště
Jak se přezdívá italskému národnímu fotbalovému týmu?;Squadra Azzurra;Rossoblù;Celesti;Nerazzurri
Jak se přezdívá reprezentaci Anglie?;The Three Lions;The Royal Guard;The Clarets;Red and Whites
Jaká je přezdívka fotbalového klubu Atlético Madrid?;Los Colchoneros;Blaugranas;Madridistas;Pucelanos
Jaké číslo obléká v Manchesteru City obránce Aymeric Laporte?;14;12;2;5
Jaké je křestní jméno italského fotbalisty Quagliarelly?;Fabio;Francesco;Paolo;Antonio
Jaké národnosti byl bývalý trenér Liverpoolu FC Bill Shankly?;Skotsko;Anglie;Wales;Irsko
Jaké národnosti je fotbalový obránce Sven Bender?;Německo;Dánsko;Norsko;Švédsko
Jaké národnosti je fotbalový útočník Raúl Jiménez?;Mexiko;Španělsko;Kolumbie;Portugalsko
Jaké národnosti je jediný africký držitel Zlatého míče (Ballon d'Or) George Weah?;Libérie;Senegal;Gabon;Nigérie
Jaké národnosti je Nicklas Bendtner?;Dánsko;Švédsko;Norsko;Německo
Jakou zemi reprezentoval Florent Malouda?;Francie;Senegal;Mali;Gabon
Jakou zemi reprezentoval Frédéric Kanouté?;Mali;Francie;Senegal;Španělsko
Jakou zemi reprezentoval Lúcio?;Brazílie;Portugalsko;Intalie;Španělsko
Jakou zemi reprezentoval Stanley Matthews?;Anglii;Skotsko;Wales;Severní Irsko
Jakou zemi reprezentuje dlouholetý obránce CSKA Moskva Mário Fernandes?;Rusko;Brazílie;Španělsko;Portugalsko
Jakou zemi reprezentuje fotbalový brankář Thomas Strakosha?;Albánie;Kosovo;Arménie;Severní Makedonie
Jakou zemi reprezentuje fotbalový útočník Stevan Jovetić?;Černá Hora;Bosna a Hercegovina;Chorvatsko;Srbsko
Jakou zemi reprezentuje Kevin Kampl?;Slovinsko;Rakousko;Německo;Dánsko
Jakou zemi reprezentuje Luka Jović?;Srbsko;Corvatsko;Bosna a Hercegovina;Dánsko
Jakou zemi reprezentuje obránce Kieran Tierney?;Skotsko;Anglie;Wales;Severní Irsko
Kde hrál Marco Reus před svým odchodem do Dortmundu?;Borussia Mönchengladbach;Freiburg;Stuttgart;Bayern Mnichov
Kde se konalo Mistrovství Evropy ve fotbale 1996?;Anglie;Německo;Švédsko;Francie
Kdo je historicky nejlepším africkým střelcem UEFA Champions League?;Didier Drogba;George Weah;Mohamed Salah;Samuel Eto'o
Kdo je historicky nejlepším střelcem belgické fotbalové reprezentace?;Romelu Lukaku;Eden Hazard;Marc Wilmots;Paul Van Himst
Kdo je historicky nejlepším střelcem PSG?;Edinson Cavani;Zlatan Ibrahimović;Neymar;Pauleta
Kdo je historicky nejlepším střelcem rakouské fotbalové reprezentace?;Anton Polster;Johann Krankl;Johann Horvath;Erich Hof
Kdo je historicky nejlepším střelcem slovenské fotbalové reprezentace?;Marek Hamšík;Stanislav Šesták;Róbert Vittek;Marek Mintál
Kdo je historicky prvním držitelem Zlatého míče (Ballon d'Or)?;Stanley Matthews;Billy Wright;Raymond Kopa;Alfredo Di Stéfano
Kdo je kapitánem AC Milan?;Alessio Romagnoli;Gianluigi Donnarumma;Zlatan Ibrahimović;Simon Kjær
Kdo je kapitánem AS Roma?;Lorenzo Pellegrini;Bryan Cristante;Pau López;Gianluca Mancini
Kdo je kapitánem Atalanty Bergamo?;Rafael Tolói;Remo Freuler;Marten de Roon;Josip Iličić
Kdo je kapitánem Atlética Madrid?;Koke;Saúl;Jan Oblak;José Giménez
Kdo je kapitánem Borussie Dortmund?;Marco Reus;Łukasz Piszczek;Axel Witsel;Mario Götze
Kdo je kapitánem Evertonu FC?;Séamus Coleman;Gylfi Sigurðsson;Lucas Digne;Jordan Pickford
Kdo je kapitánem Internazionale Milano?;Samir Handanović;Andrea Ranocchia;Arturo Vidal;Stefan de Vrij
Kdo je kapitánem Leicesteru City?;Kasper Schmeichel;Jamie Vardy;James Maddison;Jonny Evans
Kdo je kapitánem Sevilly FC?;Jesús Navas;Sergio Escudero;Ivan Rakitić;Tomáš Vaclík
Kdo je kapitánem Slavie Praha?;Jan Bořil;Stanislav Tecl;Ondřej Kolář;Nicolae Stanciu
Kdo je kapitánem Sparty Praha?;Bořek Dočkal;Ladislav Krejčí;Libor Kozák; Florin Niță
Kdo je kapitánem SS Lazio?;Ciro Immobile;Marco Parolo;Sergej Milinković-Savić;Thomas Strakosha
Kdo je kapitánem SSC Neapol?;Lorenzo Insigne;Dries Mertens;Kalidou Koulibaly;Alex Meret
Kdo je kapitánem Valencie CF?;José Gayà;Jaume Doménech;Jasper Cillessen;Carlos Soler
Kdo je kapitánem Viktorie Plzeň?;Jakub Brabec;Jan Kopic;Lukáš Kalvach;Zdeněk Ondrášek
Kdo je kapitánem Wolfsburgu?;Koen Cateels;Maximilian Arnold;Ignacio Camacho;Xaver Schlager
Kdo je kapitánem Wolverhamptonu Wanderers?;Conor Coady;Rúben Neves;João Moutinho;Rui Patrício
Kdo je současným kapitánem West Hamu United?;Marc Noble;Łukasz Fabiański;Declan Rice;Jack Wilshere
Kdo se stal nejlepším střelcem MS ve fotbale 1998?;Davor Šuker;Christian Vieri;Gabriel Batistuta;David Trézéguet
Kdo skončil na druhém místě v anketě Zlatý míč (Ballon d'Or) 2003 za Pavlem Nedvědem?;Thierry Henry;Ronaldinho;Ronaldo;Paolo Maldini
Kdo vstřelil jediný gól Brazílie v semifinále MS 2014? (Brazílie 1:7 Německo);Oscar;Neymar;Fred;David Luiz
Kdo vstřelil jediný gól českého týmu ve finále EURO 1996 proti Německu?;Patrik Berger;Miroslav Kadlec;Karel Poborský;Pavel Nedvěd
Kdo vstřelil nejrychlejší gól historie UEFA Champions League?;Roy Makaay;Alessandro Del Piero;Cristiano Ronaldo;Gilberto Silva
Kdo vyhrál Ligu mistrů 1998/1999?;Manchester United;Real Madrid;Bayern Mnichov FC;Borussia Dortmund
Kdo vyhrál Ligu mistrů 1999/2000?;Real Madrid;Bayern Mnichov FC;Valencia CF;Manchester United
Kdo vyhrál Ligu mistrů 2000/2001?;Bayern Mnichov FC;Valencia CF;Manchester United;Real Madrid
Kdo vyhrál Ligu mistrů 2001/2002?;Real Madrid;Bayern Mnichov FC;Bayer Leverkusen;AC Milan
Kdo vyhrál Ligu mistrů 2002/2003?;AC Milan;Real Madrid;Porto FC;Juventus FC
Kdo vyhrál Ligu mistrů 2003/2004?;Porto FC;AS Monaco;AC Milan;Liverpool FC
Kdo vyhrál MS ve fotbale 1934?;Itálie;Uruguay;Brazílie;Československo
Kdo vyhrál MS ve fotbale 1938?;Itálie;Uruguay;Brazílie;USA
Kdo vyhrál MS ve fotbale 1950?;Uruguay;Itálie;Brazílie;USA
Kdo vyhrál MS ve fotbale 1954?;Západní Německo;Urguay;Brazílie;Itálie
Kdo vyhrál MS ve fotbale 1958?;Brazílie;Anglie;Západní Německo;Itálie
Kdo vyhrál MS ve fotbale 1962?;Brazílie;Anglie;Západní Německo;Itálie
Kdo vyhrál MS ve fotbale 1966?;Anglie;Západní Německo;Itálie;Brazílie
Kdo vyhrál MS ve fotbale 1970?;Brazílie;Německo;Uruguay;Itálie
Na kterém stadionu hraje své domácí zápasy francouzský národní tým?;Stade de France;Stade Vélodrome;Parc des Princes;Stade Louis II.
Kdo vyhrál MS ve fotbale 1974?;Západní Německo;Itálie;Anglie;Brazílie
Kdo vyhrál MS ve fotbale 1978?;Argentina;Západní Německo;Itálie;Brazílie
Kdo vyhrál MS ve fotbale 1982?;Itálie;Argentina;Západní Německo;Brazílie
Kdo vyhrál MS ve fotbale 1986?;Argentina;Západní Německo;Itálie;Brazílie
Kdo vyhrál MS ve fotbale 1990?;Německo;Itálie;Brazílie;Argentina
Kdo vyhrál MS ve fotbale 1994?;Brazílie;Německo;Itálie;Francie
Kdo vyhrál MS ve fotbale 1998?;Francie;Brazílie;Německo;Itálie
Kdo vyhrál Zlatý míč (Ballon d'Or) 2000?;Luís Figo;Rivaldo;Zinédine Zidane;Ronaldo
Kdo vyhrál Zlatý míč (Ballon d'Or) 2001?;Michael Owen;Luís Figo;Ronaldo;Pavel Nedvěd
Kdo vyhrál Zlatý míč (Ballon d'Or) 2002?;Ronaldo;Michael Owen;Andrij Ševčenko;Pavel Nedvěd
Kdo vyhrál Zlatý míč (Ballon d'Or) 2003?;Pavel Nedvěd;Ronaldo;Andrij Ševčenko;Ronaldinho
Kdo vyhrál Zlatý míč (Ballon d'Or) 2004?;Andrij Ševčenko;Pavel Nedvěd;Fabio Cannavaro;Ronaldinho
Kdo vyhrál Zlatý míč (Ballon d'Or) 2005?;Ronaldinho;Andrij Ševčenko;Kaká;Fabio Cannavaro
Kdo vyhrál Zlatý míč (Ballon d'Or) 2006?;Fabio Cannavaro;Kaká;Ronaldinho;Cristiano Ronaldo
Kdo vyhrál Zlatý míč (Ballon d'Or) 2007?;Kaká;Fabio Cannavaro;Lionel Messi;Cristiano Ronaldo
Kdo vyhrál Zlatý míč (Ballon d'Or) 2008?;Cristiano Ronaldo;Kaká;Andrés Iniesta;Lionel Messi
Kdo vyhrál Zlatý míč (Ballon d'Or) 2009?;Lionel Messi;Cristiano Ronaldo;Kaká;Andrés Iniesta
Kdo vyhrál Zlatý míč (Ballon d'Or) 2016?;Cristiano Ronaldo;Lionel Messi;Luka Modrić;Luis Suárez
Kdo vyhrál Zlatý míč (Ballon d'Or) 2017?;Cristiano Ronaldo;Lionel Messi;Luka Modrić;Luis Suárez
Kdo vyhrál Zlatý míč (Ballon d'Or) 2018?;Luka Modrić;Cristiano Ronaldo;Lionel Messi;Kylian Mbappé
Kdo vyhrál Zlatý míč (Ballon d'Or) 2019?;Lionel Messi;Cristiano Ronaldo;Virgil van Dijk;Mohamed Salah
Kdo vyhrál Zlatý míč FIFA (FIFA Ballon d'Or) 2010?;Lionel Messi;Cristiano Ronaldo;Wesley Sneijder;Andrés Iniesta
Kdo vyhrál Zlatý míč FIFA (FIFA Ballon d'Or) 2011?;Lionel Messi;Cristiano Ronaldo;Xavi;Andrés Iniesta
Kdo vyhrál Zlatý míč FIFA (FIFA Ballon d'Or) 2012?;Lionel Messi;Cristiano Ronaldo;Xavi;Andrés Iniesta
Kdo vyhrál Zlatý míč FIFA (FIFA Ballon d'Or) 2013?;Cristiano Ronaldo;Lionel Messi;Franck Ribéry;Andrés Iniesta
Kdo vyhrál Zlatý míč FIFA (FIFA Ballon d'Or) 2014?;Cristiano Ronaldo;Lionel Messi;Manuel Neuer;Andrés Iniesta
Kdo vyhrál Zlatý míč FIFA (FIFA Ballon d'Or) 2015?;Lionel Messi;Cristiano Ronaldo;Manuel Neuer;Neymar
Ze kterého týmu odešel do zahraničí Milan Škriniar?;MŠK Žilina;Slovan Bratislava;MFK Ružomberok;FC Zlaté Moravce
Kolik gólů nastřílel v sezóně La Ligy 2011/12 Lionel Messi?;50;42;46;48
Kolik titulů v Lize mistrů/Poháru mistrů evropských zemí má celkem AC Milan?;7;3;5;9
Kolik týmu hraje francouzskou fotbalovou Ligue 1;20;16;18;24
Kolikrát vyhrál Leeds United FA Cup?;1;0;2;3
Kolikrát vyhrálo PSG francouzský titul?;9×;11×;7×;8×
Která z těchto zemí nemá v historii UEFA Champions League svého vítěze?;Řecko;Skotsko;Rumunsko;Srbsko
Který hráč se stal nejlepčím střelcem baníku Ostrava v sezóně, kdy získal český titul?;Marek Heinz;Václav Svěrkoš;Milan Baroš;Miroslav Matušović
Která země nikdy nevyhrála Mistrovství Evropy ve fotbale?;Anglie;Itálie;Dánsko;Řecko
Z jaké země je fotbalový tým Qarabag Fk?;Ázerbajdžán;Írán;Uzbekistán;Čína
Které týmy spolu sehrávají Merseyside Derby?;Everton FC - Liverpool FC;Liverpool FC - Mancheser United;Manchester City - Manchester United;Liverpool FC - Manchester City
Které týmy spolu sehrávají North-London Derby?; Arsenal – Tottenham;Arsenal – Chelsea;Chelsea – Tottenham;Fulham – West Ham
Které země by kromě Argentiny mohl teoreticky reprezentovat Paulo Dybala?;Itálie a Polsko;Brazílie a Španělsko;Španělsko a Itálie;Španělsko a Polsko
Kterému derby se v Nizozemsku říká „De Topper“?;Ajax – PSV;Ajax – Feyenoord; Ajax – FC Amsterdam; Ajax – ADO Den Haag
Kterému italskému fotbalovému týmu se přezdívá Nerazzurri?;Internazionale Milano;Juventus FC;AC Milan;SSC Neapol
Kterému týmu se přezdívá The Cherries?;Bournemouth FC;Huddersfield AFC;Watford FC;Brighton and Hove Albion
Kterému týmu se přezdívá The Hornets?;Watford FC;Brighton and Hove Albion;Bournemouth FC;Huddersfield AFC
Kterému týmu se přezdívá The Seagulls?;Brighton and Hove Albion;Huddersfield AFC;Bournemouth FC;Watford FC
Kterému týmu se přezdívá The Terriers?;Huddersfield AFC;Bournemouth FC;Watford FC;Brighton and Hove Albion
Kterou zemi reprezentoval bývalý fotbalista George Best?;Severní Irsko;Irsko;Anglii;Wales
Kterou zemi reprezentoval fotbalový útočník Colin Kazim-Richards?;Turecko;Anglii;Jamajku;Nizozemsko
Kterou zemi reprezentuje Hal Robson-Kanu?;Wales;USA;Anglie;Jamajka
Kterou zemi reprezentuje Maynor Figueroa?;Honduras;Mexiko;Kostarika;Venezuela
Kterou zemi reprezentuje Ragnar Klavan?;Estonsko;Norsko;Švédsko;Island
Který anglický fotbalový tým hraje své domácí zápasy v Selhurst Parku?;Crystal Palace;QPR;Burnley;Aston Villa
Který československý hráč se stal nejlepším střelcem MS ve fotbale 1934?;Oldřich Nejedlý;František Svoboda;Jiří Sobotka;Antonín Puč
Který fotbalový tým hraje své domácí zápasy na stadionu Hillsborough?;Sheffield Wednesday;Liverpool FC;Everton FC;West Bromwich Albion
Který fotbalový tým je doma na stadiónu Estádio da Luz?;Benfica Lisabon;Sporting Lisabon;FC Porto;Braga SC
Který hráč Arsenalu FC vstřelil 4 góly v zápase Premier League proti Liverpoolu?;Andrej Aršavin;Robin van Persie;Nicklas Bendtner;Thierry Henry
Který hráč je historicky nejdražší posilou Arsenalu FC?;Nicolas Pépé;Pierre-Emerick Aubameyang;Alexandre Lacazette;Mesut Özil
Který hráč je historicky nejlepším střelcem německé reprezentace?;Miroslav Klose;Gerd Müller;Thomas Müller;Lukas Podolski
Který hráč je nejdražší posilou v historii Liverpoolu FC?;Virgil van Dijk;Alisson Becker;Mohamed Salah;Naby Keïta
Který hráč nastoupil v dresu Německa do největšího počtu zápasů?;Lothar Matthäus;Miroslav Klose;Philipp Lahm;Lukas Podolski
Který hráč nastřílel nejvíce branek v derby pražských S?;Josef Bican;Antonín Puč;Josef Ludl;David Lafata
Který hráč odehrál nejvíce zápasů na MS ve fotbale?;Lothar Matthäus;Miroslav Klose;Paolo Maldini;Pelé
Který hráč PSG si v odvetě osmifinále UEFA Champions League 2016/17 vstřelil vlastní gól?;Layvin Kurzawa;Marco Verratti;Blaise Matuidi;Thiago Silva
Který hráč se stal ve věku 38 let a 129 dní nejmladším vítězem Ligy mistrů?;Pep Guardiola;José Mourinho;Zinédine Zidane;Jürgen Klopp
Který hráč si připsal celkově nejvíce asistencí v historii Premier League?;Ryan Giggs;Thierry Henry;Cesc Fàbregas;Mesut Özil
Který hráč v Leicesteru obléká číslo 10?;James Maddison;Jaime Vardy;Ayoze Peréz;Youri Tielemans
Který hráč vstřelil jediný gól anglické reprezentace v osmifinále EURO 2016? (Anglie 1:2 Island);Wayne Rooney;Daniel Sturridge;Raheem Sterling;Harry Kane
Který hráč vstřelil jediný gól Bayernu Mnichov ve finále UEFA Champions League 1999?;Mario Basler;Thomas Linke;Stefan Effenberg;Carsten Jancker
Který hráč vyhrál UEFA Champions League se třemi různými kluby?;Clarence Seedorf;Cristiano Ronaldo;Samuel Eto'o;Ricardo Carvalho
Který hráč zajistil Německu dvěma góly vítězství ve finále ME 1996 ve fotbale?;Oliver Bierhoff;Jürgen Klinsmann;Stefan Kuntz;Mario Basler
Který hráč zaznamenal nejvíce startů v dresu Bayeru Leverkusen?;Stefan Kießling;Carsten Ramelow;Ulf Kirsten;Thomas Hörster
Který hráč zaznamenal ve španělské La Lize nejvíce hattricků?;Lionel Messi;Cristiano Ronaldo;Telmo Zarra;Alfredo Di Stéfano
Který hráč získal 14 titulů v české nejvyšší fotbalové soutěži v dresu Sparty?;Jiří Novotný;Michal Horňák;Jozef Chovanec;Horst Siegl
Který hráč získal nejvíce trofejí Zlatý míč (Ballon d'Or)?;Lionel Messi;Pelé;Cristiano Ronaldo;Johan Cruyff
Který kouč dovedl Ajax k vítězství v UEFA Champions League?;Louis van Gaal;Johan Cruyff;Guus Hiddink;Dick Advocaat
Který německý hráč neproměnil penaltu v rozstřelu ve finále ME 1976 proti Československu?;Uli Hoeneß;Dieter Müller;Franz Beckenbauer;Gerd Müller
Který rozhodčí odpískal v české fotbalové lize nejvíce zápasů?;Pavel Královec;Radek Příhoda;Libor Kovařík;Pavel Franěk
Který slovenský tým si zahrál v sezóně 2010/11 základní skupinu UEFA Champions League?;MŠK Žilina;FC Spartak Trnava;ŠK Slovan Bratislava;AS Trenčín
Který trenér dovedl AS Monaco v roce 2003 až do finále UEFA Champions League?;Didier Deschamps;Raymond Goethals;Michel Platini;Laurent Blanc
Který trenér dovedl Československo k jeho jedinému titulu na Mistrovství Evropy ve fotbale?;Václav Ježek;Ladislav Kačáni;Josef Masopust;František Havránek
Který trenér dovedl Liverpool FC k vítězství v UEFA Champions League 2018/2019?;Jürgen Klopp;Pep Guardiola;Kenny Dalglish;Brendan Rodgers
Který trenér odkoučoval ve španělské fotbalové lize nejvíce zápasů?;Luis Aragonés;Miguel Muñoz;Ernesto Valverde;Javier Irureta
Který trenér vyhrál s Wolfsburgem v sezóně 2008/09 Bundesligu?;Felix Magath;Wolfgang Wolf;Dieter Hecking;Otto Rehhagel
Který trenér vystřídal nejvíce klubů v anglické fotbalové Premier League?;Sam Allardyce;Steve Bruce;Alan Pardew;David Moyes
Který tým dokázal Liverpool FC porazit v UEFA Champions League rekordním výsledkem 8:0?;Besiktas;Maribor;Celtic;Olympiakos
Který tým hraje na Estádio Ramón Sánchez Pizjuán?;FC Sevilla;Valencia CF;Real Sociedad;Real Madrid
Který tým koupil roku 2011 za 41 milionů eur útočníka Andyho Carolla z Newcastlu United?;Liverpool FC;Chelsea FC;West Ham United;Queens Park Rangers
Který tým trénoval Alex Ferguson před svým odchodem do Manchesteru United?;Aberdeen;Rangers;Hearts;St. Mirren
Který tým trénoval Mauricio Pochettino před nástupem na lavičku Tottenhamu Hotspur?;Southampton FC;Espanyol Barcelona;FC Bordeaux;PSG
Který tým ukončil neporazitelnost Arsenalu v Premier League (24.10.2004)?;Manchester United;Chelsea FC;AFC Sunderland;Liverpool FC
Který tým vyhrál Mistrovství Evropy ve fotbale 1996?;Německo;Česko;Dánsko;Francie
Který tým vyhrál Mistrovství Evropy ve fotbale 2000?;Francie;Německo;Itálie;Řecko
Který tým vyhrál Mistrovství Evropy ve fotbale 2008?;Španělsko;Německo;Itálie;Řecko
Který tým vyhrál Mistrovství Evropy ve fotbale 2012?;Španělsko;Německo;Itálie;Řecko
Který tým vyhrál Premier League v roce 1999?;Manchester United;Arsenal FC;Chelsea FC;Leeds United
Který tým vyhrál Premier League v roce 2000?;Manchester United;Arsenal FC;Chelsea FC;Liverpool FC
Který tým vyhrál Premier League v roce 2001?;Manchester United;Arsenal FC;Chelsea FC;Liverpool FC
Který tým vyhrál Premier League v roce 2002?;Arsenal FC;Manchester United;Chelsea FC;Liverpool FC
Který tým vyhrál Premier League v roce 2003?;Manchester United;Arsenal FC;Chelsea FC;Liverpool FC
Který tým vyhrál Premier League v roce 2004?;Arsenal FC;Chelsea FC;Liverpool FC;Manchester United
Který tým vyhrál Premier League v roce 2005?;Chelsea FC;Manchester United;Arsenal FC;Liverpool FC
Který tým vyhrál Premier League v roce 2006?;Chelsea FC;Manchester United;Arsenal FC;Liverpool FC
Který tým vyhrál Premier League v roce 2007?;Manchester United;Arsenal FC;Chelsea FC;Liverpool FC
Který tým vyhrál Premier League v roce 2008?;Manchester United;Arsenal FC;Chelsea FC;Liverpool FC
Který tým vyhrál Premier League v roce 2009?;Manchester United;Arsenal FC;Chelsea FC;Liverpool FC
Který tým vyhrál Premier League v roce 2010?;Chelsea FC;Manchester United;Arsenal FC;Manchester City
Který tým vyhrál první Mistrovství Evropy ve fotbale?;Sovětský svaz;Francie;Československo;Západní Německo
Který tým vyhrál UEFA Europa League 2009/10?;Atlético Madrid;Fulham FC;Šachťar Doněck;FC Porto
Který tým vyhrál UEFA Europa League 2010/11?;FC Porto;Atlético Madrid;Chelsea FC;SC Braga
Který tým vyhrál UEFA Europa League 2011/12?;Atlético Madrid;FC Porto;Chelsea FC;Athletic Bilbao
Který tým vyhrál UEFA Europa League 2012/13?;Chelsea FC;Atlético Madrid;Benfica Lisabon;Sevilla FC
Který tým vyhrál UEFA Europa League 2013/14?;Sevilla FC;Atlético Madrid;Chelsea FC;Benfica Lisabon
Který tým vyhrál UEFA Europa League 2014/15?;Sevilla FC;Atlético Madrid;Liverpool FC;Dněpr Dněpropetrovsk
Který tým vyhrál UEFA Europa League 2015/16?;Sevilla FC;Atlético Madrid;Liverpool FC;Dněpr Dněpropetrovsk
Který tým vyhrál UEFA Europa League 2016/17?;Manchester United;Sevilla FC;Atlético Madrid;Liverpool FC
Který tým vyhrál UEFA Europa League 2017/18?;Atlético Madrid;Manchester United;Sevilla FC;Chelsea FC
Který tým vyhrál UEFA Europa League 2018/19?;Chelsea FC;Atlético Madrid;Arsenal FC;Sevilla FC
Který tým vyhrál UEFA Europa League 2019/20?;Sevilla FC;Chelsea FC;Atlético Madrid;Arsenal FC
Který z následujících fotbalových trenérů je nejmladší?;Mauricio Pochettino;Diego Simeone;Pep Guardiola;Jürgen Klopp
Který z těchto hráču nedal nikdy gól v El Clásicu?;David Beckham;Gareth Bale;Michael Owen;Steve McManaman
Který z těchto hráčů Porta FC nedal gól ve finále Ligy mistrů 2004? (AS Monaco 0:3 Porto FC);Benni McCarthy;Carlos Alberto;Deco;Dmitrij Aljeničev
Který z těchto týmu nikdy netrénoval José Mourinho?;Manchester City;Manchetser United;Chelsea FC;Tottenham Hotspur
Na kterém stadionu se odehrálo finále Ligy mistrů 2017/18?;NSK Olimpijskyj;Wembley Stadium;Stadio Olimpico;Wanda Metropolitano
Na kterém stadionu se odehrálo finále UEFA Champions League 1999?;Camp Nou;Wembely;San Siro;Atatürkův olympijský stadion
Odchovancem kterého týmu je Bojan Krkić?;FC Barcelona;Crvena zvezda Bělehrad;Hajduk Split;Željezničar Sarajevo
Odchovancem kterého týmu je Mikel Arteta?;FC Barcelona;Athletic Bilbao;Real Sociedad;Deportivo Alavés
Se kterým týmem vyhrál Wesley Sneijder UEFA Champions League?;Internazionale Milano;Real Madrid;Ajax Amsterdam;Chelsea FC
Se kterým z těchto týmu nevyhrál Clarence Seedorf UEFA Champions League?;Internazionale Milano;AC Milan;Real Madrid;Ajax Amsterdam
V dresu kterého evropského týmu dal nejvíce branek fotbalový útočník Mario Kempes?;Valencia CF;La Coruña;Real Madrid;Sevilla FC
V jaké vzdálenosti od brankové čáry se nachází penaltový puntík?;11 m;10 m;10 yardů;11 yardů
V jaké zemi se narodil Mesut Özil?;Německo;Turecko;Švédsko;Rakousko
V jakém evropském fotbalovém týmu si zahrál bývalý brazilský záložník Zico?;Udinese Calcio;FC Nantes;Benfica Lisabon;Real Betis
V jakém městě hraje své domácí zápasy Aston Villa?;Birmingham;Nottingham;Londýn;Cambridge
V jakém městě se narodil Ronaldo Nazário?;Rio de Janeiro;São Paulo;Porto Alegre;Belo Horizonte
V jakém roce se trenér Bill Shankly ujal kormidla Liverpoolu FC?;1959;1955;1957;1961
V jakém roce usedl Alex Ferguson na lavičku Manchesteru United?;1986;1984;1982;1988
V jakém týmu chytal fotbalový brankář Claudio Bravo než přestoupil roku 2014 do Barcelony?;Real Sociedad;Malága;Valencia CF;Manchester City
V jakém týmu hrál N'Golo Kanté před odchodem do Leicesteru City?;SM Caen;FC Metz;AS Monaco;AJ Auxerre
V jakém týmu strávil nejdelší část své kariéry Martin Vaniak?;Sigma Olomouc;Petra Drnovice;Slavia Praha;SIAD Most
V jakém týmu ukončil kariéru Peter Schmeichel?;Manchester City;Manchester United;Aston Villa;Sporting Lisabon
V jakém týmu začínal s fotbalem záložník Tomáš Souček?;FC Slovan Havlíčkův Brod;SK Slavia Praha;FK Viktoria Žižkov;AFC Humpolec
Který hráč odehrál v dresu Arsenalu nejvíce zápasů?;David O'Leary;George Armstrong;Tony Adams;Lee Dixon
Ve které zemi se Jan Koller se stal nejlepším ligovým střelcem?;Belgie;Česko;Německo;Rusko
Ve kterém evropském klubu působil fotbalový brankář René Higuita?;Real Valladolid;Eibar;Villarreal;Real Betis
Ve kterém fotbalovém týmu hrál Leighton Baines před odchodem do Evertonu FC?;Wigan Athletic;Swindon Town;Reading;Blackburn Rovers
Ve kterém klubu působí pouze hrači s baskickými kořeny?;Athletic Bilbao;SD Eibar;Real Sociedad;CA Osasuna
Ve kterém klubu v současnosti působí srbský obránce Branislav Ivanović?;West Bromwich Albion;Fulham FC;Chelsea FC;Brentford FC
Ve kterém klubu začínal svoji kariéru Eric Dier?;Sporting Lisabon;Newcastle United;Southampton;Benfica Lisabon
Ve kterém městě se narodil Alex Král?;Košice;Praha;Teplice;Bratislava
Ve kterém městě sídlí klub Everton FC?;Liverpool;Londýn;Newcastle upon Tyne;Manchester
Ve kterém roce byl založen klub TSG Hoffenheim?;1899;1901;1999;1904
Ve kterém roce nevyhrál Manchester United Ligu mistrů/PMEZ?;2005;1968;1999;2008
Ve kterém roce s odehrálo první MS ve fotbale?;1930;1950;1934;1954
Ve kterém roce se udála Mnichovská tragédie, při které spadlo letadlo s týmem Manchesteru United?;1958;1960;1962;1964
Ve kterém roce vyhrál Lionel Messi svůj první zlatý míč?;2009;2006;2007;2008
Ve kterém španělském týmu hrával Ciro Immobile?;Sevilla;Real Madrid;Valencia;Atlético Madrid
Ve kterém tureckém týmu si zahrál Franck Ribéry?;Galatasaray;Fenerbahce;Besiktas;Trabzonspor
Ve kterém týmu odehrál většinu své aktivní hráčské kariéry Jürgen Klopp?;1. FSV Mainz 05;Borussia Dortmund;Eintracht Frankfurt;Fortuna Düsseldorf
Ve kterém týmu si premiérový seniorský start připsal fotbalový útočník Heung-min Son?;Hamburger SV;1. FSV Mainz 05;Bayer Leverkusen;1. FC Köln
Ve kterém týmu ukončil kariéru nizozemský fotbalista Ruud Gullit?;Chelsea;PSV;Ajax Amsterdam;Sampdoria Janov
Ve kterém týmu vyhrál německou ligu i německý pohár český reprezentant Pavel Kuka?;1. FC Kaiserslautern;1. FC Nürnberg;Borussia Dortmund;Bayern Mnichov
Ve kterém týmu zahájil svoji kariéru fotbalista Gareth Bale?;Sothampton;Swansea;Tottenham;Hull City
Z jakého týmu přestoupil do Manchesteru United Karel Poborský?;Slavia Praha;Viktoria Žižkov;Lazio Řím;Benfica Lisabon
Z jakého týmu přestoupil do Tottenhamu Hotspur Jan Vertonghen?;Ajax;PSV;Anderlecht;Club Brugge
Za kterého hráče zaplatil Tottenham nejvíce peněz v klubové historii?;Tanguy Ndombelé;Davinson Sánchez;Moussa Sissoko;Erik Lamela
Za který pražský fotbalový tým si zahrál herec Vlasta Burian?;Sparta;Dukla;Slavia;Bohemians
Za který ruský fotbalový tým si zahrál český útočník Jan Koller?;Křídla sovětů Samara;Rostov;Arsenal Tula;Dynamo Moskva
Za rezervní tým kterého pražského klubu hrával v mladí československý prezident Edvard Beneš?;Slavia;Dukla;Sparta;Viktoria Žižkov
Ze které země pocházel Bob Paisley?;Skotsko;Anglie;Wales;Irsko
Ze které země pocházel Matt Busby?;Skotsko;Anglie;Wales;Irsko
Ze kterého klubu přestoupil roku 2008 Dani Alves do FC Barcelona?;Sevilla FC;Real Zaragoza;Juventus FC;PSG
Ze kterého klubu přestoupil v roce 2008 do Liverpoolu obránce Martin Škrtel?;Zenit Petrohrad;Spartak Moskva;Spartak Trnava;AS Trenčín
Ze kterého týmu přišel do Bayernu Kingsley Coman?;Juventus;PSG;Arsenal;Schalke 04
Jakou zemi reprezentoval Clint Dempsey?;USA;Anglie;Wales;Skotsko
Kdo byl kapitánem Maďarska na ME ve fotbale 2016?;Balázs Dzsudzsák;Zoltán Gera;Gábor Király;Roland Juhász
Kdo byl nejmladším účastníkem EURO 2016?;Marcus Rashford;Renato Sanches;Kingsley Coman;Oleksandr Zinčenko
Kdo je historicky nejlepším střelcem Copa del Rey?;Telmo Zarra;Lionel Messi;Cristiano Ronaldo;László Kubala
Kdo je historicky nejlepším střelcem Evertonu FC?;Dixie Dean;Graeme Sharp;Bob Latchford;Alex Young
Kdo je historicky nejlepším střelcem italské reprezentace?;Luigi Riva;Silivio Piola;Giuseppe Meazza;Alessandro del Piero
Kdo je historicky nejlepším střelcem norské fotbalové reprezentace?;Jørgen Juve;Ole Gunnar Solskjær;Einar Gundersen;Erling Håland
Kdo je historicky nejlepším střelcem španělského fotbalového poháru Copa del Rey?;Telmo Zarra;László Kubala;Josep Samitier;Lionel Messi
Kdo je kapitánem AS Monaco?;Wissam Ben Yedder;Cesc Fàbregas;Stevan Jovetić;Radosław Majecki
Kdo je kapitánem Athleticu Bilbao?;Iker Muniain;Óscar de Marcos;Raúl García;Unai Simón
Kdo je kapitánem Olympique Lyon?;Memphis Depay;Anthony Lopes;Léo Dubois;Houssem Aouar
Kdo je kapitánem Olympique Marseille?;Steve Mandanda;Florian Thauvin;Dimitri Payet;Kevin Strootman
Kdo je kapitánem Realu Sociedad?;Asier Illarramendi;Mikel Oyarzabal;David Silva;Mikel Merino
Kdo je kapitánem Villarreal CF?;Mario Gaspar;Vicente Iborra;Raúl Albiol;Sergio Asenjo
Kdo vyhrál Ligu mistrů 1992/1993?;Olympique Marseille;AC Milan;Crvena zvezda Bělehrad;FC Barcelona
Kdo vyhrál Ligu mistrů 1993/1994?;AC Milan;FC Barcelona;Olympique Marseille;Ajax Amsterdam
Kdo vyhrál Ligu mistrů 1994/1995?;Ajax Amsterdam;AC Milan;FC Barcelona;Juventus FC
Kdo vyhrál Ligu mistrů 1995/1996?;Juventus FC;Ajax Amsterdam;AC Milan;Borussia Dortmund
Kdo vyhrál Ligu mistrů 1996/1997?;Borussia Dortmund;Juventus FC;Ajax Amsterdam;AC Milan
Kdo vyhrál Ligu mistrů 1997/1998?;Real Madrid;Juventus FC;Borussia Dortmund;Manchester United
Kdo vyhrál Zlatý míč (Ballon d'Or) 1997?;Ronaldo;Zinédine Zidane;Rivaldo;Luís Figo
Kdo vyhrál Zlatý míč (Ballon d'Or) 1998?;Zinédine Zidane;Ronaldo;Rivaldo;Luís Figo
Kdo vyhrál Zlatý míč (Ballon d'Or) 1999?;Rivaldo;Zinédine Zidane;Ronaldo;Luís Figo
V jakém týmu začal svoji seniorskou kariéru Harry Maguire?;Sheffield United;Hull City;Leicester City;Reading
Kolik sourozenců má Lionel Messi?;3;0;2;4
Kolik vlků (vlčic) se nachází ve znaku týmu AS Řím?;1;2;3;4
Kolikrát vyhrál Alex Ferguson anglickou Premier League s Manchesterem United?;13×;11×;12×;14×
Který, kromě Lionela Messiho, vstřelil 5 gólů během jednoho zápasu UEFA Champions League?;Luiz Adriano;Bafetimbi Gomis;Cristiano Ronaldo;Ruud van Nistelrooy,,,,,,
Kteří dva světově známí fotbalisté mají narozeniny ve stejný den?;Cristiano Ronaldo a Neymar;Cristiano Ronaldo a Lionel Messi;Lionel Messi a Neymar;Neymar a Luis Suárez
Kterou zemi reprezentuje Geoffrey Kondogbia?;Středoafrickou republiku;DR Kongo;Francii;Anglii
Který brankář nastoupil do rekordních 310 po sobě jdoucích zápasů Premier League?;Brad Friedel;Tim Howard;Shay Given;Marc Schwarzer
Který brankář vychytal nejvíce penalt v historii Bundesligy? (23);Rudolf Kargus;Harald Schumacher;Jens Lehmann;Oliver Kahn
Který fotbalový tým zaznamenal historicky nejvyšší návštěvnost v české lize?;Hradec Králové;Slavia Praha;Sparta Praha;Boby Brno
Který hráč si zahrál anglickou fotbalovou Premier League v dresu osmi klubů?;Marcus Bent;Jermain Defoe;James Milner;Peter Crouch
Který hráč zvládl v české lize nastřílet 50 gólů za nejnižší počet zápasů (68)?;Radek Drulák;Horst Siegl;Michael Krmenčík;Jiří Štajner
Který národní tým trénoval Marcelo Bielsa mezi lety 2007 a 2011?;Chile;Argentinu;Brazílii;Španělsko
Který trenér trénoval Dortmund před Jürgenem Kloppem?;Thomas Doll;Bert van Marwijk;Thomas Tuchel;Matthias Sammer
Který tým dokázal získat 7× po sobě francouzský titul?;Olympique Lyon;PSG;Saint Étienne;Olympique Marseille
Který tým vyhrál Copa América 2001?;Kolumbie;Argentina;Brazílie;Chile
Který tým vyhrál Copa América 2004?;Brazílie;Kolumbie;Argentina;Chile
Který tým vyhrál Copa América 2008?;Brazílie;Kolumbie;Argentina;Uruguay
Který tým vyhrál Copa América 2011?;Uruguay;Argentina;Brazílie;Chile
Který tým vyhrál Copa América 2015?;Chile;Argentina;Brazílie;Uruguay
Který tým vyhrál Copa América 2016?;Chile;Argentina;Brazílie;Uruguay
Který tým vyhrál Copa América 2019?;Brazílie;Chile;Argentina;Uruguay
Který tým vyhrál Mistrovství Evropy ve fotbale 1964?;Španělsko;Sovětský svaz;Itálie;Jugoslávie
Který tým vyhrál Mistrovství Evropy ve fotbale 1968?;Itálie;Jugoslávie;Španělsko;Západní Německo
Který tým vyhrál Mistrovství Evropy ve fotbale 1972?;Západní Německo;Sovětský svaz;Itálie;Československo
Který tým vyhrál Mistrovství Evropy ve fotbale 1976?;Československo;Západní Německo;Nizozemsko;Belgie
Který tým vyhrál Mistrovství Evropy ve fotbale 1980?;Západní Německo;Československo;Belgie;Francie
Který tým vyhrál Mistrovství Evropy ve fotbale 1984?;Francie;Španělsko;Západní Německo;Nizozemsko
Který tým vyhrál Mistrovství Evropy ve fotbale 1988;Nizozemsko;Sovětský svaz;Francie;Dánsko
Který tým vyhrál Mistrovství Evropy ve fotbale 1992?;Dánsko;Německo;Nizozemsko;Československo
Který tým vyhrál Premier League v roce 1993?;Manchester United;Blackburn Rovers;Newcastle United;Liverpool FC 
Který tým vyhrál Premier League v roce 1994?;Manchester United;Blackburn Rovers;Newcastle United;Liverpool FC 
Který tým vyhrál Premier League v roce 1995?;Blackburn Rovers;Newcastle United;Manchester United;Liverpool FC
Který tým vyhrál Premier League v roce 1996?;Manchester United;Arsenal FC;Blackburn Rovers;Aston Villa FC
Který tým vyhrál Premier League v roce 1997?;Manchester Unietd;Arsenal FC;Blackburn Rovers;Sunderland FC
Který tým vyhrál Premier League v roce 1998?;Arsenal FC;Manchester United;Blackburn Rovers;Leeds United
Který z těchto fotbalových týmů nenajdeme ve Stockholmu?;BK Häcken;Hammarby IF;AIK;Djurgårdens IF
Který z těchto týmů vyhrál španělskou La Ligu více než jednou?;Real Sociedad;FC Sevilla;Real Betis;Deportivo de La Coruña
Od kterého roku je Austrálie členem Asijské fotbalové konfederace (AFC)?;2006;1998;2002;2010
Odchovancem kterého týmu je Pepe Reina?;FC Barcelona;Real Madrid;Atlético Madrid;Villarreal CF
Proti kterému týmu nikdy neskóroval slovenský reprezentant Stanislav Šesták?;Ukrajina;Česko;Chile;Kostarika
Se kterým týmem prohráli českoslovenští fotbalisté ve finále MS ve fotbale 1934?;Itálie;Uruguay;Brazílie;Německo
V jakém týmu získal Kevin Keegan dva Zlaté míče (Ballon d'Or)?;Hamburger SV;Southampton;Liverpool FC;Newcastle United
Ve které asijské zemi si zahrál Rivaldo?;Uzbekistán;Japonsko;Katar;Jižní Korea
Ve které zemi se narodil Fikayo Tomori?;Kanada;Anglie;Japonsko;Indonésie
Za který z těchto klubů nikdy nehrál fotbalový záložník Gennaro Gattuso?;Pisa;Salernitana;Rangers;Sion
Za který z těchto týmu si nikdy nezahrál Ivan Perišić?;Schalke 04;VfL Wolfsburg;Borussia Dortmund;Bayern Mnichov
Za mládežnickou reprezentaci které země hrával fotbalový záložník Miralem Pjanić?;Lucembursko;Bosna a Hercegovina;Švýcarsko;Srbsko
Ze kterého týmu přestoupil do Juventusu v roce 2011 fotbalový obránce Andrea Barzagli?;VfL Wolfsburg;Werder Brémy;Bologna FC;US Pistoiese 1921
Kdo vyhrál Premier League v roce 2021?;Manchester City;Manchester United;Liverpool FC;Chelsea FC
Který tým vyhrál La Ligu v roce 2021?;Atlético Madrid;FC Barcelona;Real Madrid;FC Sevilla
Kdo vyhrál Serii A v roce 2021?;Internazionale Milano;Juventus FC;AC Milan;Atalanta Bergamo
Kdo vyhrál Bundesligu v roce 2021?;Bayern Mnichov;Borussia Dortmund;VFL Wolfsburg;Borussia Mönchengladbach
